﻿Designator,Footprint,Quantity,Value,LCSC Part #
"C100, C306, C311, C312, C401, C402, C403, C404, C405, C407, C409, C415, C416, C417, C418, C428, C430, C434, C500, C501, C600, C601, C701, C702, C703, C704, C705, C706, C800, C801, C900",C_0402,31,100nF,C307331
"C307, C308",C_0603,2,22uF,C59461
"C309, C310",C_0603,2,10uF,C96446
"C313, C314",C_0402,2,18pF,C1549
"C400, C406, C408, C902",C_0402,4,10uF,C15525
C410,C_0402,1,4.7uF,C23733
"C411, C412",C_0402,2,22pF,C1555
"C413, C414",C_0402,2,2.2uF,C12530
"C419, C420, C432",C_0805,3,100nF,C28233
"C421, C422, C423, C424",C_1206,4,47uF,C96123
C425,C_0402,1,10nF,C15195
"C426, C427",C_0805,2,4.7uF,C28233
"C429, C700, C904",C_0402,3,1uF,C52923
"C707, C708",C_0402,2,33pF,C1562
D301,D_0603,1,Red,C2286
"D401, D402, D701",D_0603,3,Green,C2986059
D404,D_SMA,1,SMAJ64A,C42394400
D700,D_0603,1,Blue,C2986058
"F402, F403, F404",Fuse_2410_6125,3,10A,C136374
FB400,FB_0603,1,~,C1002
"IC402, IC405",8th DC-DC converter,2,~,
IC403,Allegro_QFN-12-10-1EP_3x3mm_P0.5mm,1,ACS71240,
IC406,16th DC-DC converter,1,~,
"IC407, IC409, IC410",SMDIP-4_W9.53mm,3,ORPC-817SB-TP-F,C5360336
IC408,WQFN-FCRLF,1,LM65645,C49256229
J200,DIN41612_R_3x32_Female_Horizontal_THT,1,09031967921,
J400,XT60-RightAngle-Adapter,1,XT60-Angled-F,
J401,PinHeader_1x06_P1.27mm_Vertical,1,Conn_01x06_Pin,
J800,USB_C_Receptacle_GCT_USB4105-xx-A_16P_TopMnt_Horizontal,1,USB_C_Receptacle_USB2.0_16P,
JP301,SolderJumper-2_P1.3mm_Open_TrianglePad1.0x1.5mm,1,Test Buck Vout,
L301,L_Changjiang_FXL0420,1,3.3uH,
L400,FSA1040-8R2MT,1,d,C41384319
"LED300, LED301",FixLed307,2,FixLed307,
Q400,Q_SOT-23,1,HL3416,C28646273
"Q401, Q402",DFN5060-8L,2,HSBA8119,C22359243
Q700,Q_SOT-323,1,MMST3904,C22388837
R306,R_0402,1,33k2,
"R307, R402, R403, R405, R410, R422, R423, R500, R600, R701, R703, R705, R707, R709, R713, R802, R804",R_0402,17,10kΩ,C25744
"R308, R401, R413, R417, R418",R_0402,5,1kΩ,C11702
"R400, R407, R712",R_0402,3,1.2kΩ,C25862
"R404, R406, R430, R710, R714",R_0402,5,100Ω,C25076
"R408, R411",R_0402,2,470Ω,C25117
R409,R_0402,1,120Ω,C25079
R412,R_0402,1,220Ω,C25091
"R414, R428, R429, R700, R702",R_0402,5,100kΩ,C25741
"R415, R803",R_0402,2,22kΩ,C25768
R416,R_0402,1,68kΩ,C36871
R419,R_0805,1,8mΩ,C510284
"R420, R421, R424, R425, R426, R427",R_0402,6,R,
"R704, R708, R715, R716, R900, R901, R902, R903",R_0402,8,22Ω,C25092
R711,R_0402,1,39kΩ,C25783
"R800, R801",R_0402,2,5.1kΩ,C25905
R805,R_0402,1,330Ω,C25104
SW400,TL2243,1,TL2243,
SW402,MDP,1,~,
"TP302, TP700, TP701",TestPoint_Pad_D1.0mm,3,TestPoint,
U100,SOIC-8_L5.3-W5.3-P1.27-LS8.0-BL,1,W25Q128,C97521
U301,SOT-23-6,1,TPS563201DDCR,
U302,QFN-16-1EP_3x3mm_P0.5mm_EP1.7x1.7mm,1,CH334P,
U400,LQFP-100_14x14mm_P0.5mm,1,STM32H750VBTx,
"U401, U402",SOT-323_SC-70,2,TPD2E2U06DCK,
U403,SOT-23-8,1,INA219AIDCNR,C87469
U404,TSSOP-10_3x3mm_P0.5mm,1,ADS1115IDGS,C37593
"U500, U600",HVSON-8-1EP_3x3mm_P0.65mm_EP1.6x2.4mm,2,TJA1044GTK_3Z,
U700,LQFP-48_7x7mm_P0.5mm,1,STM32F103CBTx,
U801,UFQFN-10_1.4x1.8,1,FSUSB42UMX,
X300,FC-135R_L3.2-W1.5,1,Q13FC1350000400,C32346
X400,CRYSTAL-SMD_4P-L3.2-W2.5-BL,1,X322512MSB4SI,C9002
Y700,CRYSTAL-SMD_4P-L3.2-W2.5-BL,1,8 MHz,C7424755
Y900,Crystal_SMD_3225-4Pin_3.2x2.5mm,1,12Mhz,
